Player,Show,Role,Oneshot,Link
Matthew Mercer,Critical Role,DM,,https://www.youtube.com/watch?v=i-p9lWIhcLQ
Ashley Johnson,Critical Role,Player,,https://www.youtube.com/watch?v=i-p9lWIhcLQ
Laura Bailey,Critical Role,Player,,https://www.youtube.com/watch?v=i-p9lWIhcLQ
Liam O'Brien,Critical Role,Player,,https://www.youtube.com/watch?v=i-p9lWIhcLQ
Marisha Ray,Critical Role,Player,,https://www.youtube.com/watch?v=i-p9lWIhcLQ
Sam Riegel,Critical Role,Player,,https://www.youtube.com/watch?v=i-p9lWIhcLQ
Taliesin Jaffe,Critical Role,Player,,https://www.youtube.com/watch?v=i-p9lWIhcLQ
Travis Willingham,Critical Role,Player,,https://www.youtube.com/watch?v=i-p9lWIhcLQ
Orion Acaba,Critical Role,Guest,,https://www.youtube.com/watch?v=2mB-aM2bIBk
Felicia Day,Critical Role,Guest,,https://www.youtube.com/watch?v=60sUkTh6xBc
Mary Elizabeth McGlynn,Critical Role,Guest,,https://www.youtube.com/watch?v=60sUkTh6xBc
Wil Wheaton,Critical Role,Guest,,https://youtu.be/GFU_qqwSs0U
Will Friedle,Critical Role,Guest,,https://youtu.be/GFU_qqwSs0U
Kit Buss,Critical Role,Guest,,https://www.youtube.com/watch?v=yrrB_q-V8G0
Jason C. Miller,Critical Role,Guest,,https://www.youtube.com/watch?v=L8xSI6QoT-A
Chris Hardwick,Critical Role,Guest,,https://www.youtube.com/watch?v=uw1crQ1d9AU
Chris Perkins,Critical Role,Guest,,https://youtu.be/eRFetHZDSg4?t=8990
Patrick Rothfuss,Critical Role,Guest,,https://www.youtube.com/watch?v=8xpnCiF4im0
Noelle Stevenson,Critical Role,Guest,,https://www.youtube.com/watch?v=uplxc5lB7cQ
Jon Heder,Critical Role,Guest,,https://www.youtube.com/watch?v=B16lXrMK5t0
Darin De Paul,Critical Role,Guest,,https://www.youtube.com/watch?v=uwNxxXtGxgM
Joe Manganiello,Critical Role,Guest,,https://www.youtube.com/watch?v=zUXL--sSc3A
Khary Payton,Critical Role,Guest,,https://www.youtube.com/watch?v=JAyT10WP-cY
Mark Hulmes,Critical Role,Guest,,https://www.youtube.com/watch?v=YTARojk9tBY
Ashly Burch,Critical Role,Guest,,https://www.youtube.com/watch?v=NZVqPja6Alg
Sumalee Montano,Critical Role,Guest,,https://www.youtube.com/watch?v=p6miK4kIwIE
Deborah Ann Woll,Critical Role,Guest,,https://www.youtube.com/watch?v=ujWYp5Wr64U
Mica Burton,Critical Role,Guest,,https://www.youtube.com/watch?v=rMZYyG8qm-Y
,,,,
Matthew Mercer,Stephen Colbert's D&D Adventure,DM,Yes,https://www.youtube.com/watch?v=3658C2y4LlA
Stephen Colbert,Stephen Colbert's D&D Adventure,Player,Yes,https://www.youtube.com/watch?v=3658C2y4LlA
,,,,
Jerry Holkins,The C Team,DM,,https://www.youtube.com/watch?v=ywZ0TcUh3l0
Trystan Falcone,The C Team,Player,,https://www.youtube.com/watch?v=ywZ0TcUh3l0
Kate Welch,The C Team,Player,,https://www.youtube.com/watch?v=ywZ0TcUh3l0
Kris Straub,The C Team,Player,,https://www.youtube.com/watch?v=ywZ0TcUh3l0
Ryan Hartman,The C Team,Player,,https://www.youtube.com/watch?v=ywZ0TcUh3l0
Patrick Rothfuss,The C Team,Guest,,https://www.youtube.com/watch?v=ywZ0TcUh3l0
Molly Lewis,The C Team,Guest,,https://www.youtube.com/watch?v=ywZ0TcUh3l0
Nika Harper,The C Team,Guest,,https://www.youtube.com/watch?v=ywZ0TcUh3l0
Mikey Neumann,The C Team,Guest,,https://www.youtube.com/watch?v=ywZ0TcUh3l0
,,,,
Deborah Ann Woll,Relics and Rarities,DM,,https://geekandsundry.com/shows/relics-rarities/
Jasmine Bhullar,Relics and Rarities,Player,,https://geekandsundry.com/shows/relics-rarities/
Julia Dennis,Relics and Rarities,Player,,https://geekandsundry.com/shows/relics-rarities/
Tommy Walker,Relics and Rarities,Player,,https://geekandsundry.com/shows/relics-rarities/
Xander Jeanneret,Relics and Rarities,Player,,https://geekandsundry.com/shows/relics-rarities/
Charlie Cox,Relics and Rarities,Guest,,https://www.youtube.com/watch?v=kb1Yr3CzNqY
Janina Gavankar,Relics and Rarities,Guest,,https://www.youtube.com/watch?v=OuLrmMjzKZI
Matthew Lillard,Relics and Rarities,Guest,,https://www.youtube.com/watch?v=JcaxZbUjfaY
Simone Missick,Relics and Rarities,Guest,,https://www.youtube.com/watch?v=5IaV3pe3754
Sam Richardson,Relics and Rarities,Guest,,https://www.youtube.com/watch?v=26d1DFApIRY
Kevin Smith,Relics and Rarities,Guest,,https://www.youtube.com/watch?v=BH34BVTQzRs
,,,,
Jeremy Crawford,Acquisitions Incorporated,DM,,https://www.acq-inc.com/
Chris Perkins,Acquisitions Incorporated,DM,,https://www.acq-inc.com/
Mike Krahulik,Acquisitions Incorporated,Player,,https://www.acq-inc.com/
Anna Prosser,Acquisitions Incorporated,Player,,https://www.acq-inc.com/
Patrick Rothfuss,Acquisitions Incorporated,Player,,https://www.acq-inc.com/
Morgan Webb,Acquisitions Incorporated,Player,,https://www.acq-inc.com/
Xavier Woods,Acquisitions Incorporated,Player,,https://www.acq-inc.com/
Scott Kurtz,Acquisitions Incorporated,Player,,https://www.acq-inc.com/
Wil Wheaton,Acquisitions Incorporated,Player,,https://www.acq-inc.com/
Holly Conrad,Acquisitions Incorporated,Player,,https://www.acq-inc.com/
Trystan Falcone,Acquisitions Incorporated,Player,,https://www.acq-inc.com/
Kate Welch,Acquisitions Incorporated,Player,,https://www.acq-inc.com/
Kris Straub,Acquisitions Incorporated,Player,,https://www.acq-inc.com/
Ryan Hartman,Acquisitions Incorporated,Player,,https://www.acq-inc.com/
Kate Welch,Acquisitions Incorporated,Player,,https://www.acq-inc.com/
Kris Straub,Acquisitions Incorporated,Player,,https://www.acq-inc.com/
Ryan Hartman,Acquisitions Incorporated,Player,,https://www.acq-inc.com/
Trystan Falcone,Acquisitions Incorporated,Player,,https://www.acq-inc.com/
Jerry Holkins,Acquisitions Incorporated,Player,,https://www.acq-inc.com/
,,,,
Mark Hulmes,High Rollers,DM,,https://www.youtube.com/watch?v=so1zVyGd5zk
Chris Trott,High Rollers,Player,,https://www.youtube.com/watch?v=so1zVyGd5zk
Katie Morrison,High Rollers,Player,,https://www.youtube.com/watch?v=so1zVyGd5zk
Kim Richards,High Rollers,Player,,https://www.youtube.com/watch?v=so1zVyGd5zk
Matthew Toffolo,High Rollers,Player,,https://www.youtube.com/watch?v=so1zVyGd5zk
Tom Hazell,High Rollers,Player,,https://www.youtube.com/watch?v=so1zVyGd5zk
Rhiannon Gower,High Rollers,Player,,https://www.youtube.com/watch?v=so1zVyGd5zk
Martyn Littlewood,High Rollers,Guest,,
Matthew Meredith,High Rollers,Guest,,
Kat,High Rollers,Guest,,
Elyssa Grant,High Rollers,Guest,,
Alex Smith,High Rollers,Guest,,
Dylan Sprouse,High Rollers,Guest,,
Duncan Jones,High Rollers,Guest,,
Kit Buss,High Rollers,Guest,,
Mike Fleming,High Rollers,Guest,,
Jonathan Whitten ,High Rollers,Guest,,
Benny Davis,High Rollers,Guest,,
,,,,
Patrick Rothfuss,Patrick & Friends,Player,Yes,https://www.youtube.com/watch?v=VQyLCwzPU_k
Felicia Day,Patrick & Friends,Player,Yes,https://www.youtube.com/watch?v=VQyLCwzPU_k
Chris Perkins,Patrick & Friends,Player,Yes,https://www.youtube.com/watch?v=VQyLCwzPU_k
Jeremy Crawford,Patrick & Friends,Player,Yes,https://www.youtube.com/watch?v=VQyLCwzPU_k
Amy Vorpahl,Patrick & Friends,Player,Yes,https://www.youtube.com/watch?v=VQyLCwzPU_k
Todd Kenreck,Patrick & Friends,DM,Yes,https://www.youtube.com/watch?v=VQyLCwzPU_k
,,,,
Chris Perkins,GameHole Con 2018,DM,Yes,https://www.youtube.com/watch?v=0zhUK_ZCdzU
Matthew Mercer,GameHole Con 2018,Player,Yes,https://www.youtube.com/watch?v=0zhUK_ZCdzU
Patrick Rothfuss,GameHole Con 2018,Player,Yes,https://www.youtube.com/watch?v=0zhUK_ZCdzU
Amy Vorpahl,GameHole Con 2018,Player,Yes,https://www.youtube.com/watch?v=0zhUK_ZCdzU
Peter V. Brett,GameHole Con 2018,Player,Yes,https://www.youtube.com/watch?v=0zhUK_ZCdzU
Gaurav Gulati,GameHole Con 2018,Player,Yes,https://www.youtube.com/watch?v=0zhUK_ZCdzU
Elisa Teague,GameHole Con 2018,Player,Yes,https://www.youtube.com/watch?v=0zhUK_ZCdzU
,,,,
Travis Willingham,Jocks Machina,Player,Yes,https://www.youtube.com/watch?v=-blGAjzL3yI
Joe Manganiello,Jocks Machina,Player,Yes,https://www.youtube.com/watch?v=-blGAjzL3yI
Paul Wight,Jocks Machina,Player,Yes,https://www.youtube.com/watch?v=-blGAjzL3yI
Mike Mearls,Jocks Machina,DM,Yes,https://www.youtube.com/watch?v=-blGAjzL3yI
Ron Mathews,Jocks Machina,Player,Yes,https://www.youtube.com/watch?v=-blGAjzL3yI
,,,,
Chris Perkins,D&D Extra Life 2017: Tortle Annihilation,DM,Yes,https://www.youtube.com/watch?v=sj3BCY2UWGA
Patrick Rothfuss,D&D Extra Life 2017: Tortle Annihilation,Player,Yes,https://www.youtube.com/watch?v=sj3BCY2UWGA
Ed Greenwood,D&D Extra Life 2017: Tortle Annihilation,Player,Yes,https://www.youtube.com/watch?v=sj3BCY2UWGA
Erin Evans,D&D Extra Life 2017: Tortle Annihilation,Player,Yes,https://www.youtube.com/watch?v=sj3BCY2UWGA
Tom Lommel,D&D Extra Life 2017: Tortle Annihilation,Player,Yes,https://www.youtube.com/watch?v=sj3BCY2UWGA
Gaurav Gulati,D&D Extra Life 2017: Tortle Annihilation,Player,Yes,https://www.youtube.com/watch?v=sj3BCY2UWGA
John Kovalic,D&D Extra Life 2017: Tortle Annihilation,Player,Yes,https://www.youtube.com/watch?v=sj3BCY2UWGA
,,,,
Chris Perkins,"Dice, Camera, Action",DM,,https://www.youtube.com/watch?v=a1ZbgywIF6Y
Holly Conrad,"Dice, Camera, Action",Player,,https://www.youtube.com/watch?v=a1ZbgywIF6Y
Anna Prosser,"Dice, Camera, Action",Player,,https://www.youtube.com/watch?v=a1ZbgywIF6Y
Nathan Sharp,"Dice, Camera, Action",Player,,https://www.youtube.com/watch?v=a1ZbgywIF6Y
Jared Knabenbauer,"Dice, Camera, Action",Player,,https://www.youtube.com/watch?v=a1ZbgywIF6Y
Chris Trott,"Dice, Camera, Action",Guest,,
Erika Ishii,"Dice, Camera, Action",Guest,,
Mark Hulmes,"Dice, Camera, Action",Guest,,
Aram Vartian,"Dice, Camera, Action",Guest,,
Liisa Lee,"Dice, Camera, Action",Guest,,
Sam Witwer,"Dice, Camera, Action",Guest,,
Satine Phoenix,"Dice, Camera, Action",Guest,,
Joe Hills,"Dice, Camera, Action",Guest,,
Sam Sykes,"Dice, Camera, Action",Guest,,
Allie Gonino,"Dice, Camera, Action",Guest,,
Dani Hartel,"Dice, Camera, Action",Guest,,
Geoff Robinson,"Dice, Camera, Action",Guest,,
Ross O'Donovan,"Dice, Camera, Action",Guest,,
Patrick Rothfuss,"Dice, Camera, Action",Guest,,
Matthew Lillard,"Dice, Camera, Action",Guest,,
Rachel Seeley,"Dice, Camera, Action",Guest,,
Jerry Holkins,"Dice, Camera, Action",Guest,,
,,,,
Amy Vorpahl,Jingles Hearth,DM,Yes,https://www.youtube.com/watch?v=Eb7fU0hdoho
Patrick Rothfuss,Jingles Hearth,Player,Yes,https://www.youtube.com/watch?v=Eb7fU0hdoho
TK Johnson,Jingles Hearth,Player,Yes,https://www.youtube.com/watch?v=Eb7fU0hdoho
Havana Mahoney,Jingles Hearth,Player,Yes,https://www.youtube.com/watch?v=Eb7fU0hdoho
Todd Kenreck,Jingles Hearth,Player,Yes,https://www.youtube.com/watch?v=Eb7fU0hdoho
,,,,
Clint McElroy,Adventure Zone,Player,,
Griffin McElroy,Adventure Zone,Player,,
Justin McElroy,Adventure Zone,Player,,
Travis McElroy,Adventure Zone,Player,,
,,,,
Patrick Rothfuss,Adventure Zone: Elementary,Player,Yes,
Clint McElroy,Adventure Zone: Elementary,Player,Yes,
Griffin McElroy,Adventure Zone: Elementary,Player,Yes,
Justin McElroy,Adventure Zone: Elementary,DM,Yes,
Travis McElroy,Adventure Zone: Elementary,Player,Yes,
,,,,
Lin-Manuel Miranda,Adventure Zone: (K)nights,Player,Yes,
Clint McElroy,Adventure Zone: (K)nights,Player,Yes,
Griffin McElroy,Adventure Zone: (K)nights,Player,Yes,
Justin McElroy,Adventure Zone: (K)nights,Player,Yes,
Travis McElroy,Adventure Zone: (K)nights,DM,Yes,
,,,,
Spencer Crittenden,HarmonQuest,DM,,
Jeff B. Davis,HarmonQuest,Player,,
Erin McGathy,HarmonQuest,Player,,
Dan Harmon,HarmonQuest,Player,,
Paul F. Tompkins,HarmonQuest,Guest,,
Chelsea Peretti,HarmonQuest,Guest,,
Steve Agee,HarmonQuest,Guest,,
Ron Funches,HarmonQuest,Guest,,
Aubrey Plaza,HarmonQuest,Guest,,
John Hodgman,HarmonQuest,Guest,,
Thomas Middleditch,HarmonQuest,Guest,,
Kumail Nanjiani,HarmonQuest,Guest,,
Rhea Butcher,HarmonQuest,Guest,,
Matt Gourley,HarmonQuest,Guest,,
Nathan Fillion,HarmonQuest,Guest,,
Gillian Jacobs,HarmonQuest,Guest,,
Rory Scovel,HarmonQuest,Guest,,
Aparna Nancherla,HarmonQuest,Guest,,
Paul Scheer,HarmonQuest,Guest,,
Patton Oswalt,HarmonQuest,Guest,,
Janet Varney,HarmonQuest,Guest,,
Jason Mantzoukas,HarmonQuest,Guest,,
Elizabeth Olsen,HarmonQuest,Guest,,
Rob Corddry,HarmonQuest,Guest,,
Kumail Nanjiani,HarmonQuest,Guest,,
Matt Gourley,HarmonQuest,Guest,,
Kate Micucci,HarmonQuest,Guest,,
Tawny Newsome,HarmonQuest,Guest,,
Reggie Watts,HarmonQuest,Guest,,
Joel Kim Booster,HarmonQuest,Guest,,
Jared Logan,HarmonQuest,Guest,,
D'Arcy Carden,HarmonQuest,Guest,,
Jessica McKenna,HarmonQuest,Guest,,
Carl Tart,HarmonQuest,Guest,,
Tom Kenny,HarmonQuest,Guest,,
,,,,
Brennan Lee Mulligan,Dimension 20,DM,,
Emily Axford,Dimension 20,Player,,
Zac Oyama,Dimension 20,Player,,
Siobhan Thompson,Dimension 20,Player,,
Lou Wilson,Dimension 20,Player,,
Ally Beardsley,Dimension 20,Player,,
"Brian ""Murph"" Murphy",Dimension 20,Player,,
Rekha Shankar,Dimension 20,Guest,,
Matthew Mercer,Dimension 20,Guest,,
Amy Vorpahl,Dimension 20,Guest,,
Mike Trapp,Dimension 20,Guest,,
Erika Ishii,Dimension 20,Guest,,
Ify Nwadiwe,Dimension 20,Guest,,
Travis McElroy,Dimension 20,Guest,,
Justin McElroy,Dimension 20,Guest,,
Griffin McElroy,Dimension 20,Guest,,
Clint McElroy,Dimension 20,Guest,,
Jessica Ross,Dimension 20,Guest,,
Lily Du,Dimension 20,Guest,,
Brian David Gilbert,Dimension 20,Guest,,
Emily Axford,Dimension 20,Guest,,
Griffin McElroy,Dimension 20,Guest,,
,,,,
Joe Manganiello,Force Grey: Survive the Tomb,Player,Yes,
Deborah Ann Woll,Force Grey: Survive the Tomb,Player,Yes,
Dylan Sprouse,Force Grey: Survive the Tomb,Player,Yes,
Utkarsh Ambudkar,Force Grey: Survive the Tomb,Player,Yes,
Marisha Ray,Force Grey: Survive the Tomb,Player,Yes,
Brian Posehn,Force Grey: Survive the Tomb,Player,Yes,
Matthew Mercer,Force Grey: Survive the Tomb,DM,Yes,
,,,,
Matthew Mercer,Force Grey,DM,,
Utkarsh Ambudkar,Force Grey,Player,,
Brian Posehn,Force Grey,Player,,
Dylan Sprouse,Force Grey,Player,,
Joe Manganiello,Force Grey,Player,,
Deborah Ann Woll,Force Grey,Player,,
Shelby Fero,Force Grey,Player,,
Ashley Johnson,Force Grey,Player,,
Jonah Ray,Force Grey,Player,,
Chris Hardwick,Force Grey,Player,,
Emily V Gordon ,Force Grey,Player,,
,,,,
Sujata Day,"Girls, Guts, Glory",Player,,https://www.girlsgutsgloryrpg.com/
Kimberly Hidalgo,"Girls, Guts, Glory",DM,,https://www.girlsgutsgloryrpg.com/
Alice Greczyn,"Girls, Guts, Glory",Player,,https://www.girlsgutsgloryrpg.com/
Allie Gonino,"Girls, Guts, Glory",Player,,https://www.girlsgutsgloryrpg.com/
Erika Fermina,"Girls, Guts, Glory",Player,,https://www.girlsgutsgloryrpg.com/
Rachel Seeley,"Girls, Guts, Glory",Player,,https://www.girlsgutsgloryrpg.com/
Kelly Lynne D'Angelo,"Girls, Guts, Glory",Player,,https://www.girlsgutsgloryrpg.com/
Kelen Coleman,"Girls, Guts, Glory",Player,,https://www.girlsgutsgloryrpg.com/
,,,,
Anna Prosser,Nights of Eveningstar,Player,,https://www.youtube.com/playlist?list=PLfS8QgUdeGYqf4OceFOABxZzRbQ5mJ33j
Mark Hulmes,Nights of Eveningstar,DM,,https://www.youtube.com/playlist?list=PLfS8QgUdeGYqf4OceFOABxZzRbQ5mJ33j
Mica Burton,Nights of Eveningstar,Player,,https://www.youtube.com/playlist?list=PLfS8QgUdeGYqf4OceFOABxZzRbQ5mJ33j
Nathan Sharp,Nights of Eveningstar,Player,,https://www.youtube.com/playlist?list=PLfS8QgUdeGYqf4OceFOABxZzRbQ5mJ33j
Jonathan Indovino,Nights of Eveningstar,Player,,https://www.youtube.com/playlist?list=PLfS8QgUdeGYqf4OceFOABxZzRbQ5mJ33j
,,,,
Chris Perkins,Red Nose Day Game - D&D Live 2020,DM,Yes,https://www.youtube.com/watch?v=YmQO8axrQ5M
Felicia Day,Red Nose Day Game - D&D Live 2020,Player,Yes,https://www.youtube.com/watch?v=YmQO8axrQ5M
Brett Gelman,Red Nose Day Game - D&D Live 2020,Player,Yes,https://www.youtube.com/watch?v=YmQO8axrQ5M
Maitreyi Ramakrishnan,Red Nose Day Game - D&D Live 2020,Player,Yes,https://www.youtube.com/watch?v=YmQO8axrQ5M
Martin Starr,Red Nose Day Game - D&D Live 2020,Player,Yes,https://www.youtube.com/watch?v=YmQO8axrQ5M
,,,,
Deborah Ann Woll,D&D LIVE 2020 ROLL W/ ADVANTAGE,DM,Yes,https://dnd.wizards.com/dndlive2020_schedule
Amy Acker,D&D LIVE 2020 ROLL W/ ADVANTAGE,Player,Yes,https://dnd.wizards.com/dndlive2020_schedule
Jay Ellis,D&D LIVE 2020 ROLL W/ ADVANTAGE,Player,Yes,https://dnd.wizards.com/dndlive2020_schedule
Janina Gavankar,D&D LIVE 2020 ROLL W/ ADVANTAGE,Player,Yes,https://dnd.wizards.com/dndlive2020_schedule
Matthew Lillard,D&D LIVE 2020 ROLL W/ ADVANTAGE,Player,Yes,https://dnd.wizards.com/dndlive2020_schedule
Sam Richardson,D&D LIVE 2020 ROLL W/ ADVANTAGE,Player,Yes,https://dnd.wizards.com/dndlive2020_schedule
,,,,
Thomas Middleditch,Comedians Play D&D  ROLL W/ ADVANTAGE,Player,Yes,https://dnd.wizards.com/dndlive2020_schedule
Sue Perkins,Comedians Play D&D  ROLL W/ ADVANTAGE,Player,Yes,https://dnd.wizards.com/dndlive2020_schedule
Brian Posehn,Comedians Play D&D  ROLL W/ ADVANTAGE,Player,Yes,https://dnd.wizards.com/dndlive2020_schedule
Kevin Sussman,Comedians Play D&D  ROLL W/ ADVANTAGE,Player,Yes,https://dnd.wizards.com/dndlive2020_schedule
,,,,
Chris Perkins,Lost Odyssey Heroes Game   ROLL W/ ADVANTAGE,DM,Yes,https://dnd.wizards.com/dndlive2020_schedule
Karen Gillan,Lost Odyssey Heroes Game   ROLL W/ ADVANTAGE,Player,Yes,https://dnd.wizards.com/dndlive2020_schedule
David Harbour,Lost Odyssey Heroes Game   ROLL W/ ADVANTAGE,Player,Yes,https://dnd.wizards.com/dndlive2020_schedule
Pom Klementieff,Lost Odyssey Heroes Game   ROLL W/ ADVANTAGE,Player,Yes,https://dnd.wizards.com/dndlive2020_schedule
Brandon Routh,Lost Odyssey Heroes Game   ROLL W/ ADVANTAGE,Player,Yes,https://dnd.wizards.com/dndlive2020_schedule
,,,,
Kate Welch,D&D's Cast of Thrones Game,DM,Yes,https://dnd.wizards.com/dndlive2020_schedule
Kristian Nairn,D&D's Cast of Thrones Game,Player,Yes,https://dnd.wizards.com/dndlive2020_schedule
Daniel Portman,D&D's Cast of Thrones Game,Player,Yes,https://dnd.wizards.com/dndlive2020_schedule
Iwan Rheon,D&D's Cast of Thrones Game,Player,Yes,https://dnd.wizards.com/dndlive2020_schedule
Natalia Tena,D&D's Cast of Thrones Game,Player,Yes,https://dnd.wizards.com/dndlive2020_schedule
Gemma Whelan,D&D's Cast of Thrones Game,Player,Yes,https://dnd.wizards.com/dndlive2020_schedule
,,,,
Jeremy Crawford,D&D WWE Game,DM,Yes,https://dnd.wizards.com/dndlive2020_schedule
Alexa Bliss,D&D WWE Game,Player,Yes,https://dnd.wizards.com/dndlive2020_schedule
Tyler Breeze,D&D WWE Game,Player,Yes,https://dnd.wizards.com/dndlive2020_schedule
Dio Maddin,D&D WWE Game,Player,Yes,https://dnd.wizards.com/dndlive2020_schedule
Ember Moon,D&D WWE Game,Player,Yes,https://dnd.wizards.com/dndlive2020_schedule
Xavier Woods,D&D WWE Game,Player,Yes,https://dnd.wizards.com/dndlive2020_schedule
,,,,
Aram Vartian,Rivals of Waterdeep,DM,,https://www.youtube.com/watch?v=cvgcnOu7bQA&list=PLfS8QgUdeGYr7gUFsqYKdzo5hGLwBxRY5
Tanya DePass,Rivals of Waterdeep,Player,,https://www.youtube.com/watch?v=cvgcnOu7bQA&list=PLfS8QgUdeGYr7gUFsqYKdzo5hGLwBxRY6
Carlos Luna,Rivals of Waterdeep,Player,,https://www.youtube.com/watch?v=cvgcnOu7bQA&list=PLfS8QgUdeGYr7gUFsqYKdzo5hGLwBxRY6
Brandon Stennis,Rivals of Waterdeep,Player,,https://www.youtube.com/watch?v=cvgcnOu7bQA&list=PLfS8QgUdeGYr7gUFsqYKdzo5hGLwBxRY6
Surena Marie,Rivals of Waterdeep,Player,,https://www.youtube.com/watch?v=cvgcnOu7bQA&list=PLfS8QgUdeGYr7gUFsqYKdzo5hGLwBxRY6
Cicero Holmes,Rivals of Waterdeep,Player,,https://www.youtube.com/watch?v=cvgcnOu7bQA&list=PLfS8QgUdeGYr7gUFsqYKdzo5hGLwBxRY6
Shareef Jackson,Rivals of Waterdeep,DM,,https://www.youtube.com/watch?v=cvgcnOu7bQA&list=PLfS8QgUdeGYr7gUFsqYKdzo5hGLwBxRY6
LaTia Bryant,Rivals of Waterdeep,Player,,https://www.youtube.com/watch?v=cvgcnOu7bQA&list=PLfS8QgUdeGYr7gUFsqYKdzo5hGLwBxRY6
Masood Haque,Rivals of Waterdeep,Player,,https://www.youtube.com/watch?v=cvgcnOu7bQA&list=PLfS8QgUdeGYr7gUFsqYKdzo5hGLwBxRY6
,,,,
B. Dave Walters,Trial of the Champions,DM,Yes,https://www.youtube.com/watch?v=6Sb-Fk9uQ9g
Chris Perkins,Trial of the Champions,DM,Yes,https://www.youtube.com/watch?v=6Sb-Fk9uQ9g
Jeremy Crawford,Trial of the Champions,DM,Yes,https://www.youtube.com/watch?v=6Sb-Fk9uQ9g
Ember Moon,Trial of the Champions,DM,Yes,https://www.youtube.com/watch?v=6Sb-Fk9uQ9g
Jasmine Bhullar,Trial of the Champions,DM,Yes,https://www.youtube.com/watch?v=6Sb-Fk9uQ9g
,,,,
Mayleigh Damage,A Darkened Wish,Player,,https://www.youtube.com/playlist?list=PLfS8QgUdeGYrBsrU6ONeLxGXCcxgNPKHT
D'Artagnan Mattaliano,A Darkened Wish,Player,,https://www.youtube.com/playlist?list=PLfS8QgUdeGYrBsrU6ONeLxGXCcxgNPKHT
Alcuin Gersh,A Darkened Wish,Player,,https://www.youtube.com/playlist?list=PLfS8QgUdeGYrBsrU6ONeLxGXCcxgNPKHT
Gini Benson,A Darkened Wish,Player,,https://www.youtube.com/playlist?list=PLfS8QgUdeGYrBsrU6ONeLxGXCcxgNPKHT
Sam de Leve,A Darkened Wish,Player,,https://www.youtube.com/playlist?list=PLfS8QgUdeGYrBsrU6ONeLxGXCcxgNPKHT
B. Dave Walters,A Darkened Wish,DM,,https://www.youtube.com/playlist?list=PLfS8QgUdeGYrBsrU6ONeLxGXCcxgNPKHT
Todd Kenreck,A Darkened Wish,Guest,,https://www.youtube.com/playlist?list=PLfS8QgUdeGYrBsrU6ONeLxGXCcxgNPKHT
Dustin Fletcher,A Darkened Wish,Guest,,
Devan Henderson,A Darkened Wish,Guest,,
,,,,
Jeremy Crawford,D&D Live 2019: The Descent Part 1,DM,Yes,https://www.youtube.com/watch?v=onH65amYMPI
Joe Manganiello,D&D Live 2019: The Descent Part 1,Player,Yes,https://www.youtube.com/watch?v=onH65amYMPI
Kelly Lynne D'Angelo,D&D Live 2019: The Descent Part 1,Player,Yes,https://www.youtube.com/watch?v=onH65amYMPI
Taliesin Jaffe,D&D Live 2019: The Descent Part 1,Player,Yes,https://www.youtube.com/watch?v=onH65amYMPI
Taran Killam,D&D Live 2019: The Descent Part 1,Player,Yes,https://www.youtube.com/watch?v=onH65amYMPI
Alex Lee,D&D Live 2019: The Descent Part 1,Player,Yes,https://www.youtube.com/watch?v=onH65amYMPI
Surena Marie,D&D Live 2019: The Descent Part 1,Player,Yes,https://www.youtube.com/watch?v=onH65amYMPI
,,,,
Kate Welch,D&D Live 2019: The Descent Part 2,DM,Yes,https://www.youtube.com/watch?v=yEnbAC3mtGU
Joe Manganiello,D&D Live 2019: The Descent Part 2,Player,Yes,https://www.youtube.com/watch?v=yEnbAC3mtGU
Matthew Lillard,D&D Live 2019: The Descent Part 2,Player,Yes,https://www.youtube.com/watch?v=yEnbAC3mtGU
Travis McElroy,D&D Live 2019: The Descent Part 2,Player,Yes,https://www.youtube.com/watch?v=yEnbAC3mtGU
Clint McElroy,D&D Live 2019: The Descent Part 2,Player,Yes,https://www.youtube.com/watch?v=yEnbAC3mtGU
Malik Forte,D&D Live 2019: The Descent Part 2,Player,Yes,https://www.youtube.com/watch?v=yEnbAC3mtGU
Jerry Holkins,D&D Live 2019: The Descent Part 2,Player,Yes,https://www.youtube.com/watch?v=yEnbAC3mtGU
,,,,
Marisha Ray,D&D Live 2019: The Descent Part 3,DM,Yes,https://www.youtube.com/watch?v=gyKvnUZiX1M
Deborah Ann Woll,D&D Live 2019: The Descent Part 3,Player,Yes,https://www.youtube.com/watch?v=gyKvnUZiX1M
Krystina Arielle,D&D Live 2019: The Descent Part 3,Player,Yes,https://www.youtube.com/watch?v=gyKvnUZiX1M
Matthew Lillard,D&D Live 2019: The Descent Part 3,Player,Yes,https://www.youtube.com/watch?v=gyKvnUZiX1M
Satine Phoenix,D&D Live 2019: The Descent Part 3,Player,Yes,https://www.youtube.com/watch?v=gyKvnUZiX1M
Patrick Rothfuss,D&D Live 2019: The Descent Part 3,Player,Yes,https://www.youtube.com/watch?v=gyKvnUZiX1M
Kate Welch,D&D Live 2019: The Descent Part 3,Player,Yes,https://www.youtube.com/watch?v=gyKvnUZiX1M
,,,,
Chris Perkins,D&D Live 2019: The Descent Part 4,DM,Yes,https://www.youtube.com/watch?v=JqLwCAt7Gbc
Anna Prosser,D&D Live 2019: The Descent Part 4,Player,Yes,https://www.youtube.com/watch?v=JqLwCAt7Gbc
B. Dave Walters,D&D Live 2019: The Descent Part 4,Player,Yes,https://www.youtube.com/watch?v=JqLwCAt7Gbc
Deborah Ann Woll,D&D Live 2019: The Descent Part 4,Player,Yes,https://www.youtube.com/watch?v=JqLwCAt7Gbc
Jim Zub,D&D Live 2019: The Descent Part 4,Player,Yes,https://www.youtube.com/watch?v=JqLwCAt7Gbc
Matthew Mercer,D&D Live 2019: The Descent Part 4,Player,Yes,https://www.youtube.com/watch?v=JqLwCAt7Gbc
Mica Burton,D&D Live 2019: The Descent Part 4,Player,Yes,https://www.youtube.com/watch?v=JqLwCAt7Gbc
,,,,
Brennan Mulligan ,Roll in the Family: The Slumbering Forest,DM,Yes,https://www.youtube.com/watch?v=4xnfQ4KjfSg
B. Dave Walters,Roll in the Family: The Slumbering Forest,Player,Yes,https://www.youtube.com/watch?v=4xnfQ4KjfSg
Kelly Knox,Roll in the Family: The Slumbering Forest,Player,Yes,https://www.youtube.com/watch?v=4xnfQ4KjfSg
Adam Bradford,Roll in the Family: The Slumbering Forest,Player,Yes,https://www.youtube.com/watch?v=4xnfQ4KjfSg
,,,,
TJ Storm,The Contest of Champions,DM,Yes,https://www.youtube.com/watch?v=C83VzkjI3tw
Deborah Ann Woll,The Contest of Champions,Player,Yes,https://www.youtube.com/watch?v=C83VzkjI3tw
Jason Charles Miller,The Contest of Champions,Player,Yes,https://www.youtube.com/watch?v=C83VzkjI3tw
Joe Manganiello,The Contest of Champions,Player,Yes,https://www.youtube.com/watch?v=C83VzkjI3tw
Alicia Marie,The Contest of Champions,Player,Yes,https://www.youtube.com/watch?v=C83VzkjI3tw
Satine Phoenix,The Contest of Champions,Player,Yes,https://www.youtube.com/watch?v=C83VzkjI3tw
,,,,
TJ Storm,Monsters & Fables,DM,,https://www.youtube.com/watch?v=Ro9j2r8pvxw
Rachel Miner,Monsters & Fables,Player,,https://www.youtube.com/watch?v=Ro9j2r8pvxw
Francis Capra,Monsters & Fables,Player,,https://www.youtube.com/watch?v=Ro9j2r8pvxw
Jennifer Kretchmer,Monsters & Fables,Player,,https://www.youtube.com/watch?v=Ro9j2r8pvxw
Omar Najam,Monsters & Fables,Player,,https://www.youtube.com/watch?v=Ro9j2r8pvxw
,,,,
Morgan Peter Brown,The Dungeon Run,Player,,https://www.youtube.com/watch?v=SE88lTM2Dfs
Jared Kjack,The Dungeon Run,Player,,https://www.youtube.com/watch?v=SE88lTM2Dfs
Katie Michels,The Dungeon Run,Player,,https://www.youtube.com/watch?v=SE88lTM2Dfs
Ronald Ogden,The Dungeon Run,Player,,https://www.youtube.com/watch?v=SE88lTM2Dfs
Jessica Lynn Parsons,The Dungeon Run,Player,,https://www.youtube.com/watch?v=SE88lTM2Dfs
Zand Broumand,The Dungeon Run,Player,,https://www.youtube.com/watch?v=SE88lTM2Dfs
Jeff Cannata,The Dungeon Run,DM,,https://www.youtube.com/watch?v=SE88lTM2Dfs
Amy Vorpahl,The Dungeon Run,Guest,,https://www.youtube.com/watch?v=D3oEWwvfH9E
Todd Stashwick,The Dungeon Run,Guest,,https://www.youtube.com/watch?v=K_PJ_AJrUAs
,,,,
TK Johnson,Indoor Recess,Player,,https://www.youtube.com/watch?v=nfxMn7DxS2g
Carlos Luna,Indoor Recess,Player,,https://www.youtube.com/watch?v=nfxMn7DxS2g
C'loni Bailey,Indoor Recess,Player,,https://www.youtube.com/watch?v=nfxMn7DxS2g
Masood Haque,Indoor Recess,Player,,https://www.youtube.com/watch?v=nfxMn7DxS2g
Katie Mae,Indoor Recess,DM,,https://www.youtube.com/watch?v=nfxMn7DxS2g
,,,,
Stephanie Harvey,Misscliks D&D Nimmorgeist,Player,,https://www.youtube.com/playlist?list=PLSOKvcIdcJJf3tMuRrtIE2nPbThLkAEy3
Gen Forget,Misscliks D&D Nimmorgeist,Player,,https://www.youtube.com/playlist?list=PLSOKvcIdcJJf3tMuRrtIE2nPbThLkAEy3
Anna Prosser,Misscliks D&D Nimmorgeist,Player,,https://www.youtube.com/playlist?list=PLSOKvcIdcJJf3tMuRrtIE2nPbThLkAEy3
Stephanie Powell ,Misscliks D&D Nimmorgeist,Player,,https://www.youtube.com/playlist?list=PLSOKvcIdcJJf3tMuRrtIE2nPbThLkAEy3
Steven Lumpkin,Misscliks D&D Nimmorgeist,DM,,https://www.youtube.com/playlist?list=PLSOKvcIdcJJf3tMuRrtIE2nPbThLkAEy3
,,,,
Steve Koontz,Lost in Oz,DM,,https://www.youtube.com/watch?v=Mh33Ji0YcSA&list=PLTj75n3v9eTkBtwQjLCvBhJHQ8at0lYWr
Nolan T. Jones,Lost in Oz,Player,,https://www.youtube.com/watch?v=Mh33Ji0YcSA&list=PLTj75n3v9eTkBtwQjLCvBhJHQ8at0lYWr
Richard Zayas,Lost in Oz,Player,,https://www.youtube.com/watch?v=Mh33Ji0YcSA&list=PLTj75n3v9eTkBtwQjLCvBhJHQ8at0lYWr
Riley Dutto,Lost in Oz,Player,,https://www.youtube.com/watch?v=Mh33Ji0YcSA&list=PLTj75n3v9eTkBtwQjLCvBhJHQ8at0lYWr
Stephanie Avacyn,Lost in Oz,Player,,https://www.youtube.com/watch?v=Mh33Ji0YcSA&list=PLTj75n3v9eTkBtwQjLCvBhJHQ8at0lYWr
,,,,
Adam Koebel,Jace Beleren Must Die,DM,,https://www.youtube.com/watch?v=zGwoqcR2pFc&list=PLTj75n3v9eTmSPHhfxUOr2cTmtfOSTPZK
Carlos Luna,Jace Beleren Must Die,Player,,https://www.youtube.com/watch?v=zGwoqcR2pFc&list=PLTj75n3v9eTmSPHhfxUOr2cTmtfOSTPZK
TK Johnson,Jace Beleren Must Die,Player,,https://www.youtube.com/watch?v=zGwoqcR2pFc&list=PLTj75n3v9eTmSPHhfxUOr2cTmtfOSTPZK
Masood Haque,Jace Beleren Must Die,Player,,https://www.youtube.com/watch?v=zGwoqcR2pFc&list=PLTj75n3v9eTmSPHhfxUOr2cTmtfOSTPZK
Katie Mae,Jace Beleren Must Die,Player,,https://www.youtube.com/watch?v=zGwoqcR2pFc&list=PLTj75n3v9eTmSPHhfxUOr2cTmtfOSTPZK
,,,,
Aabria Iyengar,Saving throw: Ghosts of Saltmarsh,DM,,https://www.youtube.com/watch?v=QxeWfWJ8qdY
Eric Reichert,Saving throw: Ghosts of Saltmarsh,Player,,https://www.youtube.com/watch?v=QxeWfWJ8qdY
Havana Mahoney,Saving throw: Ghosts of Saltmarsh,Player,,https://www.youtube.com/watch?v=QxeWfWJ8qdY
Teri Gamble,Saving throw: Ghosts of Saltmarsh,Player,,https://www.youtube.com/watch?v=QxeWfWJ8qdY
Negaoryx,Saving throw: Ghosts of Saltmarsh,Player,,https://www.youtube.com/watch?v=QxeWfWJ8qdY
,,,,
Dom Zook,Saving throw Sub-a-thon 2020: Session 1,DM,Yes,https://www.youtube.com/watch?v=Qzl4MFeH-S0&list=PLkHjiWAUZQbomckyZRUhcg7W6FhJb66RV&index=2&t=0s
Meghan Caves,Saving throw Sub-a-thon 2020: Session 1,Player,Yes,
Tom Lommel,Saving throw Sub-a-thon 2020: Session 1,Player,Yes,
Aki,Saving throw Sub-a-thon 2020: Session 1,Player,Yes,
Ben Dunn,Saving throw Sub-a-thon 2020: Session 1,Player,Yes,
Eric Reichert,Saving throw Sub-a-thon 2020: Session 1,Player,Yes,
Riley Silverman,Saving throw Sub-a-thon 2020: Session 1,Player,Yes,
Dom Zook,Saving throw Sub-a-thon 2020: Session 2,DM,Yes,https://www.youtube.com/watch?v=cqH2HxwAM3A&list=PLkHjiWAUZQbomckyZRUhcg7W6FhJb66RV&index=3&t=0s
Reuben Bresler,Saving throw Sub-a-thon 2020: Session 2,Player,Yes,
Cynthia Marie,Saving throw Sub-a-thon 2020: Session 2,Player,Yes,
Ryan Omega,Saving throw Sub-a-thon 2020: Session 2,Player,Yes,
Markeia McCarty,Saving throw Sub-a-thon 2020: Session 2,Player,Yes,
Negaoryx,Saving throw Sub-a-thon 2020: Session 2,Player,Yes,
Aabria Iyengar,Saving throw Sub-a-thon 2020: Session 2,Player,Yes,
Dom Zook,Saving throw Sub-a-thon 2020: Session 3,DM,Yes,https://www.youtube.com/watch?v=4wPo3diDy70&list=PLkHjiWAUZQbomckyZRUhcg7W6FhJb66RV&index=4&t=0s
Rick Budd,Saving throw Sub-a-thon 2020: Session 3,Player,Yes,
Michael Holmes,Saving throw Sub-a-thon 2020: Session 3,Player,Yes,
Jason Mills,Saving throw Sub-a-thon 2020: Session 3,Player,Yes,
Wes Otis,Saving throw Sub-a-thon 2020: Session 3,Player,Yes,
Teri Gamble,Saving throw Sub-a-thon 2020: Session 3,Player,Yes,
Jordan Pridgen,Saving throw Sub-a-thon 2020: Session 3,Player,Yes,
Dom Zook,Saving throw Sub-a-thon 2020: Session 4,DM,Yes,https://www.youtube.com/watch?v=c5tJBBaQClE&list=PLkHjiWAUZQbomckyZRUhcg7W6FhJb66RV&index=5&t=0s
Adam Conn,Saving throw Sub-a-thon 2020: Session 4,Player,Yes,
Jim Rodchaver,Saving throw Sub-a-thon 2020: Session 4,Player,Yes,
Eric Radic,Saving throw Sub-a-thon 2020: Session 4,Player,Yes,
Jared Hoy,Saving throw Sub-a-thon 2020: Session 4,Player,Yes,
Jake Kile,Saving throw Sub-a-thon 2020: Session 4,Player,Yes,
B. Dave Walters,Saving throw Sub-a-thon 2020: Session 4,Player,Yes,
,,,,
Dom Zook,Saving throw Sub-a-thon 2020: Session 5,Player,Yes,https://www.youtube.com/watch?v=MzKKeBHh9Uo&list=PLkHjiWAUZQbomckyZRUhcg7W6FhJb66RV&index=6&t=0s
Jordan Caves-Callarman,Saving throw Sub-a-thon 2020: Session 5,Player,Yes,
Meghan Caves,Saving throw Sub-a-thon 2020: Session 5,Player,Yes,
Gaurav Gulati,Saving throw Sub-a-thon 2020: Session 5,Player,Yes,
,,,,
Matthew Mercer,CelebriD&D with Terry Crews,DM,Yes,https://www.youtube.com/watch?v=1ntfXLb5eFk
Terry Crews,CelebriD&D with Terry Crews,Player,Yes,https://www.youtube.com/watch?v=1ntfXLb5eFk
Troy Baker,CelebriD&D with Terry Crews,Player,Yes,https://www.youtube.com/watch?v=1ntfXLb5eFk
Ashly Burch,CelebriD&D with Terry Crews,Player,Yes,https://www.youtube.com/watch?v=1ntfXLb5eFk
Jessica Chobot,CelebriD&D with Terry Crews,Player,Yes,https://www.youtube.com/watch?v=1ntfXLb5eFk
Taliesin Jaffe,CelebriD&D with Terry Crews,Player,Yes,https://www.youtube.com/watch?v=1ntfXLb5eFk
Marisha Ray,CelebriD&D with Terry Crews,Player,Yes,https://www.youtube.com/watch?v=1ntfXLb5eFk
,,,,
Joe Manganiello,CelebriD&D with Joe Manganiello,Player,Yes,https://www.youtube.com/watch?v=4IeEjfbpkt8
Jessica Chobot,CelebriD&D with Joe Manganiello,Player,Yes,https://www.youtube.com/watch?v=4IeEjfbpkt8
Taliesin Jaffe,CelebriD&D with Joe Manganiello,Player,Yes,https://www.youtube.com/watch?v=4IeEjfbpkt8
Marisha Ray,CelebriD&D with Joe Manganiello,Player,Yes,https://www.youtube.com/watch?v=4IeEjfbpkt8
Dan Casey,CelebriD&D with Joe Manganiello,Player,Yes,https://www.youtube.com/watch?v=4IeEjfbpkt8
Matthew Mercer,CelebriD&D with Joe Manganiello,DM,Yes,https://www.youtube.com/watch?v=4IeEjfbpkt8
,,,,
Matthew Mercer,CelebriD&D with Game of Thrones' John Bradley,DM,Yes,https://www.youtube.com/watch?v=QiC0kCceYug
Dan Casey,CelebriD&D with Game of Thrones' John Bradley,Player,Yes,https://www.youtube.com/watch?v=QiC0kCceYug
Liam O'Brien,CelebriD&D with Game of Thrones' John Bradley,Player,Yes,https://www.youtube.com/watch?v=QiC0kCceYug
Laura Bailey,CelebriD&D with Game of Thrones' John Bradley,Player,Yes,https://www.youtube.com/watch?v=QiC0kCceYug
Jessica Chobot,CelebriD&D with Game of Thrones' John Bradley,Player,Yes,https://www.youtube.com/watch?v=QiC0kCceYug
John Bradley,CelebriD&D with Game of Thrones' John Bradley,Player,Yes,https://www.youtube.com/watch?v=QiC0kCceYug